<?xml version="1.0" encoding="UTF-8"?>
<project-private xmlns="http://www.netbeans.org/ns/project-private/1">
    <editor-bookmarks xmlns="http://www.netbeans.org/ns/editor-bookmarks/2" lastBookmarkId="0"/>
    <open-files xmlns="http://www.netbeans.org/ns/projectui-open-files/2">
        <group>
            <file>file:/D:/laptop/web/quanlysanpham.jsp</file>
            <file>file:/D:/laptop/web/home.jsp</file>
            <file>file:/D:/laptop/src/java/dao/ProductDao.java</file>
            <file>file:/D:/laptop/src/java/controller/quanlysanpham.java</file>
            <file>file:/D:/laptop/src/java/controller/xoasanpham.java</file>
        </group>
    </open-files>
</project-private>
